filename,ATTRIBUTE_x,ATTRIBUTE_y,ATTRIBUTE_z,ATTRIBUTE_Spot_size,ATTRIBUTE_Filament_Possition,ATTRIBUTE_Sample_Number,ATTRIBUTE_Date,ATTRIBUTE_Cast,ATTRIBUTE_Event_Number,ATTRIBUTE_Bottle,ATTRIBUTE_Depth,ATTRIBUTE_Depth_Range,ATTRIBUTE_Location,ATTRIBUTE_Sampling_Type,ATTRIBUTE_Sample_Type,ATTRIBUTE_Chlorophyll_a__ug_l_,ATTRIBUTE_Chlorophyll_binned,ATTRIBUTE_Phaeopigment__ug_l_,ATTRIBUTE_Temperature__C_,ATTRIBUTE_Temperature_binned,ATTRIBUTE_Fluorescence__V_,ATTRIBUTE_Transmission__per_,ATTRIBUTE_O2_Saturation__per_,ATTRIBUTE_O2_saturation_binned,ATTRIBUTE_PO4,ATTRIBUTE_NO2,ATTRIBUTE_NO3,ATTRIBUTE_NH4,ATTRIBUTE_PO4_binned,ATTRIBUTE_NO2_binned,ATTRIBUTE_NO3_binned,ATTRIBUTE_NH4_binned
CCE_P1706_3.mzxml,-80.1,85.1,101.5,1,Control,3,20170602,2,NA,2,570,500+,Santa_Barbara_Basin,Deep_Control,Control,NA,NA,NA,6.582025,7,,96.46921017,NA,NA,3.631,1.851,12.69,0.498,3.6,1.9,13,0.5
CCE_P1706_4.mzxml,-80.1,85.1,101.5,1,Control,4,20170602,2,NA,2,570,500+,Santa_Barbara_Basin,Deep_Control,Control,NA,NA,NA,6.582025,7,,96.46921017,NA,NA,3.631,1.851,12.69,0.498,3.6,1.9,13,0.5
CCE_P1706_5.mzxml,-80.1,85.1,102.5,1,Control,5,20170602,2,NA,4,540,500+,Santa_Barbara_Basin,Deep_Control,Control,NA,NA,NA,6.5979,7,,96.28352118,NA,NA,3.36,0.344,19.899,0.022,3.4,0.3,20,0
CCE_P1706_6.mzxml,-80.1,85.1,102.5,1,Control,6,20170602,2,NA,4,540,500+,Santa_Barbara_Basin,Deep_Control,Control,NA,NA,NA,6.5979,7,,96.28352118,NA,NA,3.36,0.344,19.899,0.022,3.4,0.3,20,0
CCE_P1706_7.mzxml,-80.1,85.1,103.5,1,Control,7,20170602,2,NA,6,515,500+,Santa_Barbara_Basin,Deep_Control,Control,NA,NA,NA,6.6584,7,,97.84244505,NA,NA,3.233,0.023,27.25,0,3.2,0,27,0
CCE_P1706_8.mzxml,-80.1,85.1,103.5,1,Control,8,20170602,2,NA,6,515,500+,Santa_Barbara_Basin,Deep_Control,Control,NA,NA,NA,6.6584,7,,97.84244505,NA,NA,3.233,0.023,27.25,0,3.2,0,27,0
CCE_P1706_9.mzxml,-108.242,93.1429,109.445,1,Outside,9,20170607,4,130,4,100,70-150,Transcet_1,Transcet_1,Transect,0.041379775,0_0.1,0.257211667,9.4566,9,0.06239975,98.59275813,30.01690168,30_40,2.122,0.305,26.227,0.01,2.1,0.3,26,0
CCE_P1706_10.mzxml,-108.242,93.1429,110.445,1,Outside,10,20170607,4,130,8,50,40-60,Transcet_1,Transcet_1,Transect,0.180148314,0.1_0.2,0.177064894,11.03465,11,0.2868475,98.32124196,53.39630322,50_60,1.513,0.362,18.021,1.2,1.5,0.4,18,1.2
CCE_P1706_11.mzxml,-108.242,93.1429,111.444,1,Outside,11,20170607,4,130,12,30,0-30,Transcet_1,Transcet_1,Transect,0.311811235,0.2_0.5,0.227171622,11.517975,12,0.71229,97.56283197,61.99783198,60_70,1.342,0.348,15.911,0.502,1.3,0.3,16,0.5
CCE_P1706_12.mzxml,-108.242,93.1429,111.884,1,Outside,12,20170607,4,130,14,20,0-30,Transcet_1,Transcet_1,Transect,0.469388763,0.2_0.5,0.290163761,12.804775,13,1.2442225,95.75074492,73.31116074,70_80,1.209,0.583,14.186,0.249,1.2,0.6,14,0.2
CCE_P1706_13.mzxml,-108.242,93.1429,112.344,1,Outside,13,20170607,4,130,16,10,0-30,Transcet_1,Transcet_1,Transect,1.007325841,1_1.5,0.390318282,13.2746,13,1.495125,93.88197953,77.52075358,70_80,0.92,0.432,9.718,0.467,0.9,0.4,10,0.5
CCE_P1706_14.mzxml,-108.242,93.1429,112.786,1,Outside,14,20170607,4,130,18,0,0-30,Transcet_1,Transcet_1,Transect,1.015685391,1_1.5,0.373523945,13.4138,13,1.6021,92.20753984,77.98196374,70_80,0.79,0.247,8.097,0.279,0.8,0.2,8,0.3
CCE_P1706_15.mzxml,-109.543,96.1582,109.445,1,Middle,15,20170607,6,NA,4,100,70-150,Transcet_1,Transcet_1,Transect,0.020898876,0_0.1,0.159183815,8.970125,9,0.05575825,98.61812843,30.69603214,30_40,2.021,0.057,26.719,0.028,2,0.1,27,0
CCE_P1706_16.mzxml,-109.543,96.1582,110.445,1,Middle,16,20170607,6,NA,8,50,40-60,Transcet_1,Transcet_1,Transect,0.170116854,0.1_0.2,0.334705118,9.8248,10,0.0857915,98.32717969,40.68248619,40_50,1.596,0.252,19.48,0.767,1.6,0.3,19,0.8
CCE_P1706_17.mzxml,-109.543,96.1582,111.444,1,Middle,17,20170607,6,NA,12,30,0-30,Transcet_1,Transcet_1,Transect,0.417977527,0.2_0.5,0.646492529,10.898875,11,0.2196175,98.05944207,54.20949485,50_60,1.304,0.324,13.19,2.624,1.3,0.3,13,2.6
CCE_P1706_18.mzxml,-109.543,96.1582,111.884,1,Middle,18,20170607,6,NA,14,20,0-30,Transcet_1,Transcet_1,Transect,1.245573031,1_1.5,1.379332528,11.804475,12,0.5564225,96.20741029,66.34020683,60_70,1.14,0.307,11.46,2.517,1.1,0.3,11,2.5
CCE_P1706_19.mzxml,-109.543,96.1582,112.344,1,Middle,19,20170607,6,NA,16,10,0-30,Transcet_1,Transcet_1,Transect,1.951955052,1.5_2,1.879124976,12.421375,12,2.615925,88.94124887,76.15396532,70_80,1.01,0.312,9.31,2.615,1,0.3,9,2.6
CCE_P1706_20.mzxml,-109.543,96.1582,112.786,1,Middle,20,20170607,6,NA,18,0,0-30,Transcet_1,Transcet_1,Transect,1.75968539,1.5_2,2.324438234,13.4176,13,4.6549,87.75748154,81.63558882,80_90,0.687,0.27,7.165,0.938,0.7,0.3,7,0.9
CCE_P1706_21.mzxml,-110.457,99.1715,109.445,1,Middle,21,20170607,8,154,4,100,70-150,Transcet_1,Transcet_1,Transect,0.115361798,0.1_0.2,0.576290695,9.537025,10,0.0865725,98.53176145,28.26981756,20_30,2.159,0.332,27.007,0.036,2.2,0.3,27,0
CCE_P1706_22.mzxml,-110.457,99.1715,110.445,1,Middle,22,20170607,8,154,8,60,40-60,Transcet_1,Transcet_1,Transect,0.543370785,0.5_1,0.622316709,10.47015,10,0.7647775,96.6354666,51.34593978,50_60,1.758,0.562,21.868,0.355,1.8,0.6,22,0.4
CCE_P1706_23.mzxml,-110.457,99.1715,111.444,1,Middle,23,20170607,8,154,12,30,0-30,Transcet_1,Transcet_1,Transect,0.915370785,0.5_1,0.684708214,10.8255,11,0.600885,97.45649264,56.0086075,50_60,1.493,0.429,17.413,0.958,1.5,0.4,17,1
CCE_P1706_24.mzxml,-110.457,99.1715,111.884,1,Middle,24,20170607,8,154,14,20,0-30,Transcet_1,Transcet_1,Transect,2.361573029,2.0_3.0,1.680376662,11.314625,11,4.2161,89.16256424,69.83779666,60_70,1.206,0.343,14.35,0.503,1.2,0.3,14,0.5
CCE_P1706_25.mzxml,-110.457,99.1715,112.344,1,Middle,25,20170607,8,154,16,10,0-30,Transcet_1,Transcet_1,Transect,3.519370779,3.0_5.0,2.774666907,11.411475,11,5.291425,85.98048106,72.80965082,70_80,1.046,0.315,12.832,0.192,1,0.3,13,0.2
CCE_P1706_26.mzxml,-110.457,99.1715,112.786,1,Middle,26,20170607,8,154,21,0,0-30,Transcet_1,Transcet_1,Transect,2.428449433,2.0_3.0,1.647239403,11.647,12,4.8028,86.75886341,73.8159746,70_80,1.012,0.291,11.654,0.119,1,0.3,12,0.1
CCE_P1706_27.mzxml,-111.48,102.231,109.445,1,Middle,27,20170608,10,168,4,100,70-150,Transcet_1,Transcet_1,Transect,0.039289888,0_0.1,0.234418934,9.488875,9,0.06764375,98.86103554,26.38472847,20_30,2.15,0.066,27.237,0,2.2,0.1,27,0
CCE_P1706_28.mzxml,-111.48,102.231,110.445,1,Middle,28,20170608,10,168,8,45,40-60,Transcet_1,Transcet_1,Transect,0.223617977,0.2_0.5,0.334764889,10.418725,10,0.29956,98.41948439,51.08038055,50_60,1.601,0.341,20.249,0.424,1.6,0.3,20,0.4
CCE_P1706_29.mzxml,-111.48,102.231,111.444,1,Middle,29,20170608,10,168,12,25,0-30,Transcet_1,Transcet_1,Transect,0.748179774,0.5_1,0.489203406,11.216325,11,1.45813,96.49781923,62.83757753,60_70,1.372,0.322,16.412,0.678,1.4,0.3,16,0.7
CCE_P1706_30.mzxml,-111.48,102.231,111.884,1,Middle,30,20170608,10,168,14,16,0-30,Transcet_1,Transcet_1,Transect,2.478606737,2.0_3.0,0.960255719,11.983875,12,4.493375,89.71423328,73.84199247,70_80,0.987,0.265,11.435,0.213,1,0.3,11,0.2
CCE_P1706_31.mzxml,-111.48,102.231,112.344,1,Middle,31,20170608,10,168,16,8,0-30,Transcet_1,Transcet_1,Transect,2.035550558,2.0_3.0,0.947833427,12.42905,12,4.917525,88.22008464,78.03876639,70_80,0.747,0.221,7.972,0.037,0.7,0.2,8,0
CCE_P1706_32.mzxml,-111.48,102.231,112.786,1,Middle,32,20170608,10,168,18,0,0-30,Transcet_1,Transcet_1,Transect,1.922696625,1.5_2,0.706426327,12.5935,13,3.4213,90.53417973,76.71883268,70_80,0.743,0.217,7.678,0.024,0.7,0.2,8,0
CCE_P1706_33.mzxml,-112.5,105,109.445,1,Outside,33,20170608,12,NA,4,100,70-150,Transcet_1,Transcet_1,Transect,0.039707865,0_0.1,0.218818341,9.27575,9,0.063653,98.13393358,22.05057618,20_30,2.284,0.042,28.408,0,2.3,0,28,0
CCE_P1706_34.mzxml,-112.5,105,110.445,1,Outside,34,20170608,12,NA,8,45,40-60,Transcet_1,Transcet_1,Transect,0.092791011,0_0.1,0.166156934,10.384925,10,0.1198825,98.36388565,47.37332786,40_50,1.737,0.573,20.967,0.491,1.7,0.6,21,0.5
CCE_P1706_35.mzxml,-112.5,105,111.444,1,Outside,35,20170608,12,NA,12,25,0-30,Transcet_1,Transcet_1,Transect,2.741932579,2.0_3.0,1.101799629,11.849725,12,4.74185,87.80498337,71.32091549,70_80,1.05,0.195,12.297,0.112,1.1,0.2,12,0.1
CCE_P1706_36.mzxml,-112.5,105,111.884,1,Outside,36,20170608,12,NA,14,16,0-30,Transcet_1,Transcet_1,Transect,3.761797745,3.0_5.0,2.118935403,12.13585,12,7.087,83.33387313,80.64186349,80_90,0.794,0.203,8.995,0.088,0.8,0.2,9,0.1
CCE_P1706_37.mzxml,-112.5,105,112.344,1,Outside,37,20170608,12,NA,16,8,0-30,Transcet_1,Transcet_1,Transect,3.674022465,3.0_5.0,2.084406279,12.629875,13,8.534075,80.75851794,83.9906972,80_90,0.74,0.214,7.836,0.215,0.7,0.2,8,0.2
CCE_P1706_38.mzxml,-112.5,105,112.786,1,Outside,38,20170608,12,NA,18,0,0-30,Transcet_1,Transcet_1,Transect,3.306202241,3.0_5.0,1.739487044,12.8269,13,8.5922,80.98199249,83.39915267,80_90,0.676,0.222,6.73,0.317,0.7,0.2,7,0.3
CCE_P1706_39.mzxml,-101.419,101.956,109.445,1,Cycle_1,39,20170609,16,216,6,100,70-150,Cycle_1_day1,Cycle_1,Cycle,NA,NA,NA,NA,NA,0.05942025,98.69963726,30.00943644,30_40,1.914,0.151,25.284,0.064,1.9,0.2,25,0.1
CCE_P1706_40.mzxml,-101.419,101.956,109.445,1,Cycle_1,40,20170609,16,216,6,100,70-150,Cycle_1_day1,Cycle_1,Cycle,NA,NA,NA,NA,NA,0.05942025,98.69963726,30.00943644,30_40,1.914,0.151,25.284,0.064,1.9,0.2,25,0.1
CCE_P1706_41.mzxml,-101.419,101.956,110.445,1,Cycle_1,41,20170609,16,216,8,75,70-150,Cycle_1_day1,Cycle_1,Cycle,0.094462921,0_0.1,0.450846026,NA,NA,0.0764655,98.35740813,32.83262764,30_40,1.933,0.492,23.893,0.456,1.9,0.5,24,0.5
CCE_P1706_42.mzxml,-101.419,101.956,110.445,1,Cycle_1,42,20170609,16,216,8,75,70-150,Cycle_1_day1,Cycle_1,Cycle,0.094462921,0_0.1,0.450846026,NA,NA,0.0764655,98.35740813,32.83262764,30_40,1.933,0.492,23.893,0.456,1.9,0.5,24,0.5
CCE_P1706_43.mzxml,-101.419,101.956,111.444,1,Cycle_1,43,20170609,16,216,10,50,40-60,Cycle_1_day1,Cycle_1,Cycle,0.480674156,0.2_0.5,0.697665518,NA,NA,0.22874,97.31776569,36.24112782,30_40,1.783,0.576,20.292,1.618,1.8,0.6,20,1.6
CCE_P1706_44.mzxml,-101.419,101.956,111.444,1,Cycle_1,44,20170609,16,216,10,50,40-60,Cycle_1_day1,Cycle_1,Cycle,0.480674156,0.2_0.5,0.697665518,NA,NA,0.22874,97.31776569,36.24112782,30_40,1.783,0.576,20.292,1.618,1.8,0.6,20,1.6
CCE_P1706_45.mzxml,-101.419,101.956,111.884,1,Cycle_1,45,20170609,16,216,14,30,0-30,Cycle_1_day1,Cycle_1,Cycle,0.798337077,0.5_1,0.805959315,NA,NA,0.75281,95.59690374,53.69023065,50_60,1.509,0.434,16.134,2.105,1.5,0.4,16,2.1
CCE_P1706_46.mzxml,-101.419,101.956,111.884,1,Cycle_1,46,20170609,16,216,14,30,0-30,Cycle_1_day1,Cycle_1,Cycle,0.798337077,0.5_1,0.805959315,NA,NA,0.75281,95.59690374,53.69023065,50_60,1.509,0.434,16.134,2.105,1.5,0.4,16,2.1
CCE_P1706_47.mzxml,-101.419,101.956,112.344,1,Cycle_1,47,20170609,16,216,20,8,0-30,Cycle_1_day1,Cycle_1,Cycle,8.865303353,5.0_10.0,1.538162316,NA,NA,4.9685,85.38346936,73.62960617,70_80,0.893,0.272,10.75,0.331,0.9,0.3,11,0.3
CCE_P1706_48.mzxml,-101.419,101.956,112.344,1,Cycle_1,48,20170609,16,216,20,8,0-30,Cycle_1_day1,Cycle_1,Cycle,8.865303353,5.0_10.0,1.538162316,NA,NA,4.9685,85.38346936,73.62960617,70_80,0.893,0.272,10.75,0.331,0.9,0.3,11,0.3
CCE_P1706_49.mzxml,-101.419,101.956,112.786,1,Cycle_1,49,20170609,16,216,23,0,0-30,Cycle_1_day1,Cycle_1,Cycle,8.777528072,5.0_10.0,1.714502855,NA,NA,5.0764,84.92680399,78.27124632,70_80,0.682,0.233,7.773,0.304,0.7,0.2,8,0.3
CCE_P1706_50.mzxml,-101.419,101.956,112.786,1,Cycle_1,50,20170609,16,216,23,0,0-30,Cycle_1_day1,Cycle_1,Cycle,8.777528072,5.0_10.0,1.714502855,NA,NA,5.0764,84.92680399,78.27124632,70_80,0.682,0.233,7.773,0.304,0.7,0.2,8,0.3
CCE_P1706_51.mzxml,-103.515,100.003,109.445,1,Cycle_1,51,20170610,20,246,4,100,70-150,Cycle_1_day2,Cycle_1,Cycle,NA,NA,NA,9.000325,9,0.0618595,98.9738524,33.98492528,30_40,1.836,0.219,25.384,0.012,1.8,0.2,25,0
CCE_P1706_52.mzxml,-103.515,100.003,109.445,1,Cycle_1,52,20170610,20,246,4,100,70-150,Cycle_1_day2,Cycle_1,Cycle,NA,NA,NA,9.000325,9,0.0618595,98.9738524,33.98492528,30_40,1.836,0.219,25.384,0.012,1.8,0.2,25,0
CCE_P1706_53.mzxml,-103.515,100.003,110.445,1,Cycle_1,53,20170610,20,246,6,70,70-150,Cycle_1_day2,Cycle_1,Cycle,0.68966292,0.5_1,0.779676888,9.98745,10,0.1212775,97.65675606,32.95507411,30_40,1.977,0.533,24.918,0.199,2,0.5,25,0.2
CCE_P1706_54.mzxml,-103.515,100.003,110.445,1,Cycle_1,54,20170610,20,246,6,70,70-150,Cycle_1_day2,Cycle_1,Cycle,0.68966292,0.5_1,0.779676888,9.98745,10,0.1212775,97.65675606,32.95507411,30_40,1.977,0.533,24.918,0.199,2,0.5,25,0.2
CCE_P1706_55.mzxml,-103.515,100.003,111.444,1,Cycle_1,55,20170610,20,246,10,45,40-60,Cycle_1_day2,Cycle_1,Cycle,1.45038202,1_1.5,1.267306191,10.9939,11,1.00409,94.37049272,51.33863437,50_60,1.611,0.531,17.911,2.037,1.6,0.5,18,2
CCE_P1706_56.mzxml,-103.515,100.003,111.444,1,Cycle_1,56,20170610,20,246,10,45,40-60,Cycle_1_day2,Cycle_1,Cycle,1.45038202,1_1.5,1.267306191,10.9939,11,1.00409,94.37049272,51.33863437,50_60,1.611,0.531,17.911,2.037,1.6,0.5,18,2
CCE_P1706_57.mzxml,-103.515,100.003,111.884,1,Cycle_1,57,20170610,20,246,14,25,0-30,Cycle_1_day2,Cycle_1,Cycle,3.883011228,3.0_5.0,1.580199988,11.4479,11,1.965675,92.36893812,60.76204632,60_70,1.337,0.453,13.964,1.942,1.3,0.5,14,1.9
CCE_P1706_58.mzxml,-103.515,100.003,111.884,1,Cycle_1,58,20170610,20,246,14,25,0-30,Cycle_1_day2,Cycle_1,Cycle,3.883011228,3.0_5.0,1.580199988,11.4479,11,1.965675,92.36893812,60.76204632,60_70,1.337,0.453,13.964,1.942,1.3,0.5,14,1.9
CCE_P1706_59.mzxml,-103.515,100.003,112.344,1,Cycle_1,59,20170610,20,246,21,10,0-30,Cycle_1_day2,Cycle_1,Cycle,12.52260672,10.0_15.0,1.954860832,12.803475,13,8.74795,75.80537203,86.51644267,80_90,0.418,0.218,5.023,0.387,0.4,0.2,5,0.4
CCE_P1706_60.mzxml,-103.515,100.003,112.344,1,Cycle_1,60,20170610,20,246,21,10,0-30,Cycle_1_day2,Cycle_1,Cycle,12.52260672,10.0_15.0,1.954860832,12.803475,13,8.74795,75.80537203,86.51644267,80_90,0.418,0.218,5.023,0.387,0.4,0.2,5,0.4
CCE_P1706_61.mzxml,-103.515,100.003,112.786,1,Cycle_1,61,20170610,20,246,24,0,0-30,Cycle_1_day2,Cycle_1,Cycle,14.1318202,10.0_15.0,1.467473957,12.8341,13,4.60435,75.95651423,86.87325239,80_90,0.359,0.207,4.152,0.216,0.4,0.2,4,0.2
CCE_P1706_62.mzxml,-103.515,100.003,112.786,1,Cycle_1,62,20170610,20,246,24,0,0-30,Cycle_1_day2,Cycle_1,Cycle,14.1318202,10.0_15.0,1.467473957,12.8341,13,4.60435,75.95651423,86.87325239,80_90,0.359,0.207,4.152,0.216,0.4,0.2,4,0.2
CCE_P1706_63.mzxml,-103.985,97.2022,109.445,1,Cycle_1,63,20170611,23,270,6,100,70-150,Cycle_1_day3,Cycle_1,Cycle,0.38035955,0.2_0.5,0.654588754,9.900625,10,0.1448,98.06160124,36.15316295,30_40,1.892,0.335,23.518,0.458,1.9,0.3,24,0.5
CCE_P1706_64.mzxml,-103.985,97.2022,109.445,1,Cycle_1,64,20170611,23,270,6,100,70-150,Cycle_1_day3,Cycle_1,Cycle,0.38035955,0.2_0.5,0.654588754,9.900625,10,0.1448,98.06160124,36.15316295,30_40,1.892,0.335,23.518,0.458,1.9,0.3,24,0.5
CCE_P1706_65.mzxml,-103.985,97.2022,110.445,1,Cycle_1,65,20170611,23,270,8,70,70-150,Cycle_1_day3,Cycle_1,Cycle,1.751325839,1.5_2,1.076014596,11.212675,11,1.2203,95.11540787,58.79871818,50_60,1.466,0.453,14.791,2.557,1.5,0.5,15,2.6
CCE_P1706_66.mzxml,-103.985,97.2022,110.445,1,Cycle_1,66,20170611,23,270,8,70,70-150,Cycle_1_day3,Cycle_1,Cycle,1.751325839,1.5_2,1.076014596,11.212675,11,1.2203,95.11540787,58.79871818,50_60,1.466,0.453,14.791,2.557,1.5,0.5,15,2.6
CCE_P1706_67.mzxml,-103.985,97.2022,111.444,1,Cycle_1,67,20170611,23,270,12,40,40-60,Cycle_1_day3,Cycle_1,Cycle,1.60921348,1.5_2,1.032561652,11.3414,11,1.2613,94.5237941,62.79302252,60_70,1.368,0.428,13.674,2.508,1.4,0.4,14,2.5
CCE_P1706_68.mzxml,-103.985,97.2022,111.444,1,Cycle_1,68,20170611,23,270,12,40,40-60,Cycle_1_day3,Cycle_1,Cycle,1.60921348,1.5_2,1.032561652,11.3414,11,1.2613,94.5237941,62.79302252,60_70,1.368,0.428,13.674,2.508,1.4,0.4,14,2.5
CCE_P1706_69.mzxml,-103.985,97.2022,111.884,1,Cycle_1,69,20170611,23,270,16,20,0-30,Cycle_1_day3,Cycle_1,Cycle,6.764548301,5.0_10.0,1.010300503,12.558225,13,5.637375,83.39271063,80.5951407,80_90,0.803,0.314,8.487,1.394,0.8,0.3,8,1.4
CCE_P1706_70.mzxml,-103.985,97.2022,111.884,1,Cycle_1,70,20170611,23,270,16,20,0-30,Cycle_1_day3,Cycle_1,Cycle,6.764548301,5.0_10.0,1.010300503,12.558225,13,5.637375,83.39271063,80.5951407,80_90,0.803,0.314,8.487,1.394,0.8,0.3,8,1.4
CCE_P1706_71.mzxml,-103.985,97.2022,112.344,1,Cycle_1,71,20170611,23,270,21,10,0-30,Cycle_1_day3,Cycle_1,Cycle,10.38088987,10.0_15.0,1.031038876,12.815775,13,6.76245,81.31180637,83.1018089,80_90,0.513,0.258,5.753,0.478,0.5,0.3,6,0.5
CCE_P1706_72.mzxml,-103.985,97.2022,112.344,1,Cycle_1,72,20170611,23,270,21,10,0-30,Cycle_1_day3,Cycle_1,Cycle,10.38088987,10.0_15.0,1.031038876,12.815775,13,6.76245,81.31180637,83.1018089,80_90,0.513,0.258,5.753,0.478,0.5,0.3,6,0.5
CCE_P1706_73.mzxml,-103.985,97.2022,112.786,1,Cycle_1,73,20170611,23,270,24,0,0-30,Cycle_1_day3,Cycle_1,Cycle,10.77880447,10.0_15.0,0.904724395,12.9019,13,3.4703,80.59334111,84.05550034,80_90,0.451,0.249,5.02,0.358,0.5,0.2,5,0.4
CCE_P1706_74.mzxml,-103.985,97.2022,112.786,1,Cycle_1,74,20170611,23,270,24,0,0-30,Cycle_1_day3,Cycle_1,Cycle,10.77880447,10.0_15.0,0.904724395,12.9019,13,3.4703,80.59334111,84.05550034,80_90,0.451,0.249,5.02,0.358,0.5,0.2,5,0.4
CCE_P1706_75.mzxml,-116.708,92.1508,109.445,1,Cycle_2,75,20170613,26,312,6,100,70-150,Cycle_2_day1,Cycle_2,Cycle,NA,NA,NA,9.379125,9,0.062999,98.19924861,21.94780987,20_30,2.204,0.072,27.431,0.003,2.2,0.1,27,0
CCE_P1706_76.mzxml,-116.708,92.1508,109.445,1,Cycle_2,76,20170613,26,312,6,100,70-150,Cycle_2_day1,Cycle_2,Cycle,NA,NA,NA,9.379125,9,0.062999,98.19924861,21.94780987,20_30,2.204,0.072,27.431,0.003,2.2,0.1,27,0
CCE_P1706_77.mzxml,-116.708,92.1508,110.445,1,Cycle_2,77,20170613,26,312,8,70,70-150,Cycle_2_day1,Cycle_2,Cycle,0.078579775,0_0.1,0.326711716,9.502775,10,0.069458,98.85941616,28.99690562,20_30,1.976,0.14,25.471,0.094,2,0.1,25,0.1
CCE_P1706_78.mzxml,-116.708,92.1508,110.445,1,Cycle_2,78,20170613,26,312,8,70,70-150,Cycle_2_day1,Cycle_2,Cycle,0.078579775,0_0.1,0.326711716,9.502775,10,0.069458,98.85941616,28.99690562,20_30,1.976,0.14,25.471,0.094,2,0.1,25,0.1
CCE_P1706_79.mzxml,-116.708,92.1508,111.444,1,Cycle_2,79,20170613,26,312,12,38,40-60,Cycle_2_day1,Cycle_2,Cycle,0.126229213,0.1_0.2,0.266831838,10.64805,11,0.135785,98.96251673,46.7103112,40_50,1.723,0.564,20.049,1.501,1.7,0.6,20,1.5
CCE_P1706_80.mzxml,-116.708,92.1508,111.444,1,Cycle_2,80,20170613,26,312,12,38,40-60,Cycle_2_day1,Cycle_2,Cycle,0.126229213,0.1_0.2,0.266831838,10.64805,11,0.135785,98.96251673,46.7103112,40_50,1.723,0.564,20.049,1.501,1.7,0.6,20,1.5
CCE_P1706_81.mzxml,-116.708,92.1508,111.884,1,Cycle_2,81,20170613,26,312,16,18,0-30,Cycle_2_day1,Cycle_2,Cycle,2.118310108,2.0_3.0,0.885823452,12.61915,13,6.922375,84.12629011,76.53565651,70_80,1.03,0.391,11.131,1.545,1,0.4,11,1.5
CCE_P1706_82.mzxml,-116.708,92.1508,111.884,1,Cycle_2,82,20170613,26,312,16,18,0-30,Cycle_2_day1,Cycle_2,Cycle,2.118310108,2.0_3.0,0.885823452,12.61915,13,6.922375,84.12629011,76.53565651,70_80,1.03,0.391,11.131,1.545,1,0.4,11,1.5
CCE_P1706_83.mzxml,-116.708,92.1508,112.344,1,Cycle_2,83,20170613,26,312,20,12,0-30,Cycle_2_day1,Cycle_2,Cycle,2.680071905,2.0_3.0,1.729297086,12.71595,13,6.4241,82.34281211,77.4514073,70_80,0.75,0.351,8.325,0.795,0.8,0.4,8,0.8
CCE_P1706_84.mzxml,-116.708,92.1508,112.344,1,Cycle_2,84,20170613,26,312,20,12,0-30,Cycle_2_day1,Cycle_2,Cycle,2.680071905,2.0_3.0,1.729297086,12.71595,13,6.4241,82.34281211,77.4514073,70_80,0.75,0.351,8.325,0.795,0.8,0.4,8,0.8
CCE_P1706_85.mzxml,-116.708,92.1508,112.786,1,Cycle_2,85,20170613,26,312,24,0,0-30,Cycle_2_day1,Cycle_2,Cycle,3.440791004,3.0_5.0,1.54720434,12.7401,13,2.2294,81.21518331,77.89792009,70_80,0.726,0.351,7.937,0.871,0.7,0.4,8,0.9
CCE_P1706_86.mzxml,-116.708,92.1508,112.786,1,Cycle_2,86,20170613,26,312,24,0,0-30,Cycle_2_day1,Cycle_2,Cycle,3.440791004,3.0_5.0,1.54720434,12.7401,13,2.2294,81.21518331,77.89792009,70_80,0.726,0.351,7.937,0.871,0.7,0.4,8,0.9
CCE_P1706_87.mzxml,-119.801,93.1466,109.445,1,Cycle_2,87,20170614,30,341,6,100,70-150,Cycle_2_day2,Cycle_2,Cycle,NA,NA,NA,9.31965,9,0.07111,98.10154597,21.68636991,20_30,2.297,0.089,27.92,0.016,2.3,0.1,28,0
CCE_P1706_88.mzxml,-119.801,93.1466,109.445,1,Cycle_2,88,20170614,30,341,6,100,70-150,Cycle_2_day2,Cycle_2,Cycle,NA,NA,NA,9.31965,9,0.07111,98.10154597,21.68636991,20_30,2.297,0.089,27.92,0.016,2.3,0.1,28,0
CCE_P1706_89.mzxml,-119.801,93.1466,110.445,1,Cycle_2,89,20170614,30,341,8,70,70-150,Cycle_2_day2,Cycle_2,Cycle,0.121213483,0.1_0.2,0.364630219,9.562475,10,0.09775125,98.00276374,25.58100234,20_30,2.148,0.177,26.396,0.027,2.1,0.2,26,0
CCE_P1706_90.mzxml,-119.801,93.1466,110.445,1,Cycle_2,90,20170614,30,341,8,70,70-150,Cycle_2_day2,Cycle_2,Cycle,0.121213483,0.1_0.2,0.364630219,9.562475,10,0.09775125,98.00276374,25.58100234,20_30,2.148,0.177,26.396,0.027,2.1,0.2,26,0
CCE_P1706_91.mzxml,-119.801,93.1466,111.444,1,Cycle_2,91,20170614,30,341,12,38,40-60,Cycle_2_day2,Cycle_2,Cycle,0.222782022,0.2_0.5,0.433022628,10.59145,11,0.183115,98.52042579,47.57475581,40_50,1.582,0.425,17.925,1.337,1.6,0.4,18,1.3
CCE_P1706_92.mzxml,-119.801,93.1466,111.444,1,Cycle_2,92,20170614,30,341,12,38,40-60,Cycle_2_day2,Cycle_2,Cycle,0.222782022,0.2_0.5,0.433022628,10.59145,11,0.183115,98.52042579,47.57475581,40_50,1.582,0.425,17.925,1.337,1.6,0.4,18,1.3
CCE_P1706_93.mzxml,-119.801,93.1466,111.884,1,Cycle_2,93,20170614,30,341,16,20,0-30,Cycle_2_day2,Cycle_2,Cycle,3.031173028,3.0_5.0,1.104234098,12.51525,13,4.81315,87.01472557,74.63559392,70_80,0.795,0.358,8.37,0.712,0.8,0.4,8,0.7
CCE_P1706_94.mzxml,-119.801,93.1466,111.884,1,Cycle_2,94,20170614,30,341,16,20,0-30,Cycle_2_day2,Cycle_2,Cycle,3.031173028,3.0_5.0,1.104234098,12.51525,13,4.81315,87.01472557,74.63559392,70_80,0.795,0.358,8.37,0.712,0.8,0.4,8,0.7
CCE_P1706_95.mzxml,-119.801,93.1466,112.344,1,Cycle_2,95,20170614,30,341,20,12,0-30,Cycle_2_day2,Cycle_2,Cycle,2.960952803,2.0_3.0,1.280732632,12.7141,13,5.82135,85.23556592,75.94125138,70_80,0.779,0.356,8.34,0.831,0.8,0.4,8,0.8
CCE_P1706_96.mzxml,-119.801,93.1466,112.344,1,Cycle_2,96,20170614,30,341,20,12,0-30,Cycle_2_day2,Cycle_2,Cycle,2.960952803,2.0_3.0,1.280732632,12.7141,13,5.82135,85.23556592,75.94125138,70_80,0.779,0.356,8.34,0.831,0.8,0.4,8,0.8
CCE_P1706_97.mzxml,-119.801,93.1466,112.786,1,Cycle_2,97,20170614,30,341,24,0,0-30,Cycle_2_day2,Cycle_2,Cycle,3.21842696,3.0_5.0,1.283049899,12.7453,13,1.5553,84.81236775,76.06848151,70_80,0.818,0.368,8.683,0.804,0.8,0.4,9,0.8
CCE_P1706_98.mzxml,-119.801,93.1466,112.786,1,Cycle_2,98,20170614,30,341,24,0,0-30,Cycle_2_day2,Cycle_2,Cycle,3.21842696,3.0_5.0,1.283049899,12.7453,13,1.5553,84.81236775,76.06848151,70_80,0.818,0.368,8.683,0.804,0.8,0.4,9,0.8
CCE_P1706_99.mzxml,-122.741,93.1175,109.445,1,Cycle_2,99,20170615,32,364,6,100,70-150,Cycle_2_day3,Cycle_2,Cycle,NA,NA,NA,8.8988,9,0.05969125,99.16439953,33.5799484,30_40,1.94,0.136,25.377,0.055,1.9,0.1,25,0.1
CCE_P1706_100.mzxml,-122.741,93.1175,109.445,1,Cycle_2,100,20170615,32,364,6,100,70-150,Cycle_2_day3,Cycle_2,Cycle,NA,NA,NA,8.8988,9,0.05969125,99.16439953,33.5799484,30_40,1.94,0.136,25.377,0.055,1.9,0.1,25,0.1
CCE_P1706_101.mzxml,-122.741,93.1175,110.445,1,Cycle_2,101,20170615,32,364,8,70,70-150,Cycle_2_day3,Cycle_2,Cycle,0.127065168,0.1_0.2,0.343174179,9.445275,9,0.127266,98.67318737,31.5118079,30_40,1.958,0.265,24.608,0.117,2,0.3,25,0.1
CCE_P1706_102.mzxml,-122.741,93.1175,110.445,1,Cycle_2,102,20170615,32,364,8,70,70-150,Cycle_2_day3,Cycle_2,Cycle,0.127065168,0.1_0.2,0.343174179,9.445275,9,0.127266,98.67318737,31.5118079,30_40,1.958,0.265,24.608,0.117,2,0.3,25,0.1
CCE_P1706_103.mzxml,-122.741,93.1175,111.444,1,Cycle_2,103,20170615,32,364,12,38,40-60,Cycle_2_day3,Cycle_2,Cycle,0.156323595,0.1_0.2,0.360728817,10.615975,11,0.1317425,98.67156799,46.72531808,40_50,1.596,0.584,18.05,1.189,1.6,0.6,18,1.2
CCE_P1706_104.mzxml,-122.741,93.1175,111.444,1,Cycle_2,104,20170615,32,364,12,38,40-60,Cycle_2_day3,Cycle_2,Cycle,0.156323595,0.1_0.2,0.360728817,10.615975,11,0.1317425,98.67156799,46.72531808,40_50,1.596,0.584,18.05,1.189,1.6,0.6,18,1.2
CCE_P1706_105.mzxml,-122.741,93.1175,111.884,1,Cycle_2,105,20170615,32,364,16,24,0-30,Cycle_2_day3,Cycle_2,Cycle,2.30556404,2.0_3.0,1.076447955,12.367075,12,2.5351125,90.94118409,72.23554424,70_80,0.783,0.361,8.117,0.883,0.8,0.4,8,0.9
CCE_P1706_106.mzxml,-122.741,93.1175,111.884,1,Cycle_2,106,20170615,32,364,16,24,0-30,Cycle_2_day3,Cycle_2,Cycle,2.30556404,2.0_3.0,1.076447955,12.367075,12,2.5351125,90.94118409,72.23554424,70_80,0.783,0.361,8.117,0.883,0.8,0.4,8,0.9
CCE_P1706_107.mzxml,-122.741,93.1175,112.344,1,Cycle_2,107,20170615,32,364,20,15,0-30,Cycle_2_day3,Cycle_2,Cycle,2.434301119,2.0_3.0,1.018563083,12.8341,13,3.56455,87.86004232,76.00792947,70_80,0.789,0.36,8.07,0.862,0.8,0.4,8,0.9
CCE_P1706_108.mzxml,-122.741,93.1175,112.344,1,Cycle_2,108,20170615,32,364,20,15,0-30,Cycle_2_day3,Cycle_2,Cycle,2.434301119,2.0_3.0,1.018563083,12.8341,13,3.56455,87.86004232,76.00792947,70_80,0.789,0.36,8.07,0.862,0.8,0.4,8,0.9
CCE_P1706_109.mzxml,-122.741,93.1175,112.786,1,Cycle_2,109,20170615,32,364,24,0,0-30,Cycle_2_day3,Cycle_2,Cycle,2.516224714,2.0_3.0,1.031109096,12.8621,13,1.4561,86.74698795,76.14250245,70_80,0.779,0.356,8.036,0.881,0.8,0.4,8,0.9
CCE_P1706_110.mzxml,-122.741,93.1175,112.786,1,Cycle_2,110,20170615,32,364,24,0,0-30,Cycle_2_day3,Cycle_2,Cycle,2.516224714,2.0_3.0,1.031109096,12.8621,13,1.4561,86.74698795,76.14250245,70_80,0.779,0.356,8.036,0.881,0.8,0.4,8,0.9
CCE_P1706_111.mzxml,-125.803,91.9667,109.445,1,Cycle_2,111,20170616,34,NA,6,100,70-150,Cycle_2_day4,Cycle_2,Cycle,NA,NA,NA,9.3511,9,0.06867225,99.05212247,30.21539218,30_40,2.118,0.087,26.602,0,2.1,0.1,27,0
CCE_P1706_112.mzxml,-125.803,91.9667,109.445,1,Cycle_2,112,20170616,34,NA,6,100,70-150,Cycle_2_day4,Cycle_2,Cycle,NA,NA,NA,9.3511,9,0.06867225,99.05212247,30.21539218,30_40,2.118,0.087,26.602,0,2.1,0.1,27,0
CCE_P1706_113.mzxml,-125.803,91.9667,110.445,1,Cycle_2,113,20170616,34,NA,8,70,70-150,Cycle_2_day4,Cycle_2,Cycle,NA,NA,NA,9.94005,10,0.0802135,99.05050309,37.76133942,30_40,1.881,0.134,23.856,0.067,1.9,0.1,24,0.1
CCE_P1706_114.mzxml,-125.803,91.9667,110.445,1,Cycle_2,114,20170616,34,NA,8,70,70-150,Cycle_2_day4,Cycle_2,Cycle,NA,NA,NA,9.94005,10,0.0802135,99.05050309,37.76133942,30_40,1.881,0.134,23.856,0.067,1.9,0.1,24,0.1
CCE_P1706_115.mzxml,-125.803,91.9667,111.444,1,Cycle_2,115,20170616,34,NA,12,44,40-60,Cycle_2_day4,Cycle_2,Cycle,0.414633707,0.2_0.5,0.454149302,10.8852,11,0.2191475,98.45834953,52.58920262,50_60,1.568,0.578,18.127,1.242,1.6,0.6,18,1.2
CCE_P1706_116.mzxml,-125.803,91.9667,111.444,1,Cycle_2,116,20170616,34,NA,12,44,40-60,Cycle_2_day4,Cycle_2,Cycle,0.414633707,0.2_0.5,0.454149302,10.8852,11,0.2191475,98.45834953,52.58920262,50_60,1.568,0.578,18.127,1.242,1.6,0.6,18,1.2
CCE_P1706_117.mzxml,-125.803,91.9667,111.884,1,Cycle_2,117,20170616,34,NA,16,22,0-30,Cycle_2_day4,Cycle_2,Cycle,1.483820222,1_1.5,0.629937275,12.999125,13,2.856625,90.08507147,75.87595854,70_80,0.793,0.361,7.893,1.052,0.8,0.4,8,1.1
CCE_P1706_118.mzxml,-125.803,91.9667,111.884,1,Cycle_2,118,20170616,34,NA,16,22,0-30,Cycle_2_day4,Cycle_2,Cycle,1.483820222,1_1.5,0.629937275,12.999125,13,2.856625,90.08507147,75.87595854,70_80,0.793,0.361,7.893,1.052,0.8,0.4,8,1.1
CCE_P1706_119.mzxml,-125.803,91.9667,112.344,1,Cycle_2,119,20170616,34,NA,20,15,0-30,Cycle_2_day4,Cycle_2,Cycle,1.542337076,1.5_2,0.65998568,12.99715,13,2.697925,90.02839314,75.81904439,70_80,0.794,0.36,7.917,0.986,0.8,0.4,8,1
CCE_P1706_120.mzxml,-125.803,91.9667,112.344,1,Cycle_2,120,20170616,34,NA,20,15,0-30,Cycle_2_day4,Cycle_2,Cycle,1.542337076,1.5_2,0.65998568,12.99715,13,2.697925,90.02839314,75.81904439,70_80,0.794,0.36,7.917,0.986,0.8,0.4,8,1
CCE_P1706_121.mzxml,-125.803,91.9667,112.786,1,Cycle_2,121,20170616,34,NA,24,5,0-30,Cycle_2_day4,Cycle_2,Cycle,1.68026966,1.5_2,0.564227028,13.036075,13,1.38015,89.57334715,76.11112064,70_80,0.774,0.36,7.685,0.976,0.8,0.4,8,1
CCE_P1706_122.mzxml,-125.803,91.9667,112.786,1,Cycle_2,122,20170616,34,NA,24,5,0-30,Cycle_2_day4,Cycle_2,Cycle,1.68026966,1.5_2,0.564227028,13.036075,13,1.38015,89.57334715,76.11112064,70_80,0.774,0.36,7.685,0.976,0.8,0.4,8,1
CCE_P1706_123.mzxml,-123.157,84.9955,109.445,1,Outside,123,20170617,37,407,4,100,70-150,Transcet_2,Transcet_2,Transect,0.058516854,0_0.1,0.168800642,9.28685,9,0.0703005,99.14928531,37.4670694,30_40,1.803,0.071,23.691,0,1.8,0.1,24,0
CCE_P1706_124.mzxml,-123.157,84.9955,110.445,1,Outside,124,20170617,37,407,6,75,70-150,Transcet_2,Transcet_2,Transect,0.100314607,0.1_0.2,0.174237694,9.74805,10,0.10290775,99.05482144,41.32617291,40_50,1.683,0.257,21.152,0.037,1.7,0.3,21,0
CCE_P1706_125.mzxml,-123.157,84.9955,111.444,1,Outside,125,20170617,37,407,12,30,0-30,Transcet_2,Transcet_2,Transect,2.469411231,2.0_3.0,0.617383237,13.5779,14,2.494475,93.13760418,77.36672961,70_80,0.708,0.288,6.385,0.869,0.7,0.3,6,0.9
CCE_P1706_126.mzxml,-123.157,84.9955,111.884,1,Outside,126,20170617,37,407,14,20,0-30,Transcet_2,Transcet_2,Transect,1.939248535,1.5_2,0.47799258,13.667675,14,3.63555,92.50550589,79.16268493,70_80,0.662,0.297,5.808,0.703,0.7,0.3,6,0.7
CCE_P1706_127.mzxml,-123.157,84.9955,112.344,1,Outside,127,20170617,37,407,16,10,0-30,Transcet_2,Transcet_2,Transect,1.796467412,1.5_2,0.292491812,14.2184,14,4.39945,90.89584143,82.38783229,80_90,0.514,0.231,3.853,0.293,0.5,0.2,4,0.3
CCE_P1706_128.mzxml,-123.157,84.9955,112.786,1,Outside,128,20170617,37,407,18,0,0-30,Transcet_2,Transcet_2,Transect,1.994254378,1.5_2,0.391103244,14.2753,14,4.0109,90.48020037,82.46853652,80_90,0.508,0.23,3.661,0.367,0.5,0.2,4,0.4
CCE_P1706_129.mzxml,-124.791,88.8698,109.445,1,Middle,129,20170617,39,419,4,100,70-150,Transcet_2,Transcet_2,Transect,0.059770786,0_0.1,0.165438013,9.445575,9,0.069737,99.10124368,32.8748257,30_40,1.993,0.041,25.484,0,2,0,25,0
CCE_P1706_130.mzxml,-124.791,88.8698,110.445,1,Middle,130,20170617,39,419,6,75,70-150,Transcet_2,Transcet_2,Transect,0.117033708,0.1_0.2,0.158783811,9.764475,10,0.0968315,99.03916742,41.35835707,40_50,1.692,0.068,21.856,0.05,1.7,0.1,22,0.1
CCE_P1706_131.mzxml,-124.791,88.8698,111.444,1,Middle,131,20170617,39,419,12,30,0-30,Transcet_2,Transcet_2,Transect,3.502769419,3.0_5.0,0.784953319,13.6186,14,2.94765,92.39052986,77.89991074,70_80,0.93,0.353,8.985,1.789,0.9,0.4,9,1.8
CCE_P1706_132.mzxml,-124.791,88.8698,111.884,1,Middle,132,20170617,39,419,14,20,0-30,Transcet_2,Transcet_2,Transect,1.829681908,1.5_2,0.29588429,14.603175,15,2.36995,93.15217861,80.9397248,80_90,0.452,0.202,2.757,0.48,0.5,0.2,3,0.5
CCE_P1706_133.mzxml,-124.791,88.8698,112.344,1,Middle,133,20170617,39,419,16,10,0-30,Transcet_2,Transcet_2,Transect,1.467042251,1_1.5,0.309252506,14.60155,15,2.503575,93.28118927,80.90103626,80_90,0.448,0.194,2.656,0.419,0.4,0.2,3,0.4
CCE_P1706_134.mzxml,-124.791,88.8698,112.786,1,Middle,134,20170617,39,419,18,2,0-30,Transcet_2,Transcet_2,Transect,1.714296562,1.5_2,0.319793782,14.59785,15,2.48555,93.20723755,81.13696524,80_90,0.445,0.194,2.817,0.477,0.4,0.2,3,0.5
CCE_P1706_135.mzxml,-127.568,95.0168,109.445,1,Middle,135,20170618,43,443,4,80,70-150,Transcet_2,Transcet_2,Transect,0.19603146,0.1_0.2,0.318490516,9.88335,10,0.09990675,98.52420434,35.25753309,30_40,1.926,0.199,24.038,0,1.9,0.2,24,0
CCE_P1706_136.mzxml,-127.568,95.0168,110.445,1,Middle,136,20170618,43,443,6,52,40-60,Transcet_2,Transcet_2,Transect,0.19770337,0.1_0.2,0.248918575,10.34645,10,0.1661675,98.81947143,42.07734103,40_50,1.73,0.372,21.57,0,1.7,0.4,22,0
CCE_P1706_137.mzxml,-127.568,95.0168,111.444,1,Middle,137,20170618,43,443,12,24,0-30,Transcet_2,Transcet_2,Transect,1.615394838,1.5_2,0.533456123,13.20395,13,1.523325,94.8606253,75.73907656,70_80,0.789,0.348,7.193,1.517,0.8,0.3,7,1.5
CCE_P1706_138.mzxml,-127.568,95.0168,111.884,1,Middle,138,20170618,43,443,14,16,0-30,Transcet_2,Transcet_2,Transect,4.516512097,3.0_5.0,1.30800498,13.803325,14,5.93045,85.52273611,83.1409908,80_90,0.586,0.309,5.39,1.011,0.6,0.3,5,1
CCE_P1706_139.mzxml,-127.568,95.0168,112.344,1,Middle,139,20170618,43,443,16,8,0-30,Transcet_2,Transcet_2,Transect,8.093457809,5.0_10.0,1.074085918,13.908275,14,6.002975,84.77242303,83.95413186,80_90,0.33,0.207,2.337,0.276,0.3,0.2,2,0.3
CCE_P1706_140.mzxml,-127.568,95.0168,112.786,1,Middle,140,20170618,43,443,18,2,0-30,Transcet_2,Transcet_2,Transect,8.208843155,5.0_10.0,0.842276759,13.9042,14,5.7794,84.7324783,84.04268042,80_90,0.324,0.205,2.123,0.306,0.3,0.2,2,0.3
CCE_P1706_141.mzxml,-129.426,99.2413,109.445,1,Middle,141,20170618,45,456,4,100,70-150,Transcet_2,Transcet_2,Transect,0.150889887,0.1_0.2,0.305432062,9.445625,9,0.0743405,99.0407868,34.55481279,30_40,1.884,0.094,25.142,0.02,1.9,0.1,25,0
CCE_P1706_142.mzxml,-129.426,99.2413,110.445,1,Middle,142,20170618,45,456,6,75,70-150,Transcet_2,Transcet_2,Transect,0.247024719,0.2_0.5,0.462762565,10.668825,11,0.1215175,98.64187935,44.1431589,40_50,1.67,0.687,21.045,0.098,1.7,0.7,21,0.1
CCE_P1706_143.mzxml,-129.426,99.2413,111.444,1,Middle,143,20170618,45,456,12,30,0-30,Transcet_2,Transcet_2,Transect,5.093438825,5.0_10.0,1.354777254,13.369425,13,4.329475,87.95180723,78.80681296,70_80,0.56,0.303,4.875,0.828,0.6,0.3,5,0.8
CCE_P1706_144.mzxml,-129.426,99.2413,111.884,1,Middle,144,20170618,45,456,14,20,0-30,Transcet_2,Transcet_2,Transect,7.969830653,5.0_10.0,1.15613314,13.4658,13,5.967725,84.67903874,80.29056429,80_90,0.498,0.291,4.239,0.458,0.5,0.3,4,0.5
CCE_P1706_145.mzxml,-129.426,99.2413,112.344,1,Middle,145,20170618,45,456,16,10,0-30,Transcet_2,Transcet_2,Transect,6.370919437,5.0_10.0,0.867315379,13.5002,14,6.429775,84.32277497,82.01462927,80_90,0.447,0.311,3.985,0.151,0.4,0.3,4,0.2
CCE_P1706_146.mzxml,-129.426,99.2413,112.786,1,Middle,146,20170618,45,456,18,0,0-30,Transcet_2,Transcet_2,Transect,7.541256513,5.0_10.0,0.877848412,13.564,14,2.04,85.05851362,82.11183763,80_90,0.451,0.309,3.966,0.245,0.5,0.3,4,0.2
CCE_P1706_147.mzxml,-131.538,103.789,109.445,1,Outside,147,20170618,47,468,4,120,70-150,Transcet_2,Transcet_2,Transect,0.076489887,0_0.1,0.196375456,10.566775,11,0.1688,98.57116639,50.86406683,50_60,1.907,0.086,24.767,0,1.9,0.1,25,0
CCE_P1706_148.mzxml,-131.538,103.789,110.445,1,Outside,148,20170618,47,468,6,100,70-150,Transcet_2,Transcet_2,Transect,0.161757303,0.1_0.2,0.269260287,12.1124,12,1.2168425,95.67841258,68.89351661,60_70,1.66,0.465,20.747,0.219,1.7,0.5,21,0.2
CCE_P1706_149.mzxml,-131.538,103.789,111.444,1,Outside,149,20170618,47,468,12,40,40-60,Transcet_2,Transcet_2,Transect,0.877752807,0.5_1,0.443978237,14.01035,14,1.431,95.49758172,75.14678747,70_80,0.524,0.195,3.7,0.202,0.5,0.2,4,0.2
CCE_P1706_150.mzxml,-131.538,103.789,111.884,1,Outside,150,20170618,47,468,14,20,0-30,Transcet_2,Transcet_2,Transect,0.600215729,0.5_1,0.212897689,14.55335,15,0.7009725,95.51269595,76.23221854,70_80,0.379,0.116,1.398,0.054,0.4,0.1,1,0.1
CCE_P1706_151.mzxml,-131.538,103.789,112.344,1,Outside,151,20170618,47,468,16,10,0-30,Transcet_2,Transcet_2,Transect,0.384121348,0.2_0.5,0.081900607,15.2851,15,0.27509,95.60230168,77.06768989,70_80,0.279,0.038,0.251,0.018,0.3,0,0,0
CCE_P1706_152.mzxml,-131.538,103.789,112.786,1,Outside,152,20170618,47,468,19,2,0-30,Transcet_2,Transcet_2,Transect,0.393734831,0.2_0.5,0.100543658,15.3421,15,0.20838,94.02340545,76.83540235,70_80,0.283,0.024,0,0.137,0.3,0,0,0.1
CCE_P1706_153.mzxml,-144.481,84.8689,109.445,1,Cycle_3,153,20170619,49,490,6,151,70-150,Cycle_3_day1,Cycle_3,Cycle,NA,NA,NA,9.04025,9,0.054956,99.48773589,36.49036668,30_40,1.874,0.031,25.215,0.193,1.9,0,25,0.2
CCE_P1706_154.mzxml,-144.481,84.8689,109.445,1,Cycle_3,154,20170619,49,490,6,151,70-150,Cycle_3_day1,Cycle_3,Cycle,NA,NA,NA,9.04025,9,0.054956,99.48773589,36.49036668,30_40,1.874,0.031,25.215,0.193,1.9,0,25,0.2
CCE_P1706_155.mzxml,-144.481,84.8689,110.445,1,Cycle_3,155,20170619,49,490,8,100,70-150,Cycle_3_day1,Cycle_3,Cycle,0.115361798,0.1_0.2,0.146538323,10.80305,11,0.12512,98.96899426,55.02842749,50_60,1.346,0.077,17.105,0.158,1.3,0.1,17,0.2
CCE_P1706_156.mzxml,-144.481,84.8689,110.445,1,Cycle_3,156,20170619,49,490,8,100,70-150,Cycle_3_day1,Cycle_3,Cycle,0.115361798,0.1_0.2,0.146538323,10.80305,11,0.12512,98.96899426,55.02842749,50_60,1.346,0.077,17.105,0.158,1.3,0.1,17,0.2
CCE_P1706_157.mzxml,-144.481,84.8689,111.444,1,Cycle_3,157,20170619,49,490,12,51,40-60,Cycle_3_day1,Cycle_3,Cycle,1.30826966,1_1.5,0.603896439,13.78165,14,2.492775,93.30332081,77.58381861,70_80,0.513,0.198,3.765,0.266,0.5,0.2,4,0.3
CCE_P1706_158.mzxml,-144.481,84.8689,111.444,1,Cycle_3,158,20170619,49,490,12,51,40-60,Cycle_3_day1,Cycle_3,Cycle,1.30826966,1_1.5,0.603896439,13.78165,14,2.492775,93.30332081,77.58381861,70_80,0.513,0.198,3.765,0.266,0.5,0.2,4,0.3
CCE_P1706_159.mzxml,-144.481,84.8689,111.884,1,Cycle_3,159,20170619,49,490,16,21,0-30,Cycle_3_day1,Cycle_3,Cycle,0.955225825,0.5_1,0.387806025,13.790575,14,2.53585,92.97998445,77.81183551,70_80,0.498,0.192,3.574,0.154,0.5,0.2,4,0.2
CCE_P1706_160.mzxml,-144.481,84.8689,111.884,1,Cycle_3,160,20170619,49,490,16,21,0-30,Cycle_3_day1,Cycle_3,Cycle,0.955225825,0.5_1,0.387806025,13.790575,14,2.53585,92.97998445,77.81183551,70_80,0.498,0.192,3.574,0.154,0.5,0.2,4,0.2
CCE_P1706_161.mzxml,-144.481,84.8689,112.344,1,Cycle_3,161,20170619,49,490,20,11,0-30,Cycle_3_day1,Cycle_3,Cycle,1.115941128,1_1.5,0.47241233,13.818325,14,1.8316,93.03774237,77.78273698,70_80,0.482,0.187,3.344,0.151,0.5,0.2,3,0.2
CCE_P1706_162.mzxml,-144.481,84.8689,112.344,1,Cycle_3,162,20170619,49,490,20,11,0-30,Cycle_3_day1,Cycle_3,Cycle,1.115941128,1_1.5,0.47241233,13.818325,14,1.8316,93.03774237,77.78273698,70_80,0.482,0.187,3.344,0.151,0.5,0.2,3,0.2
CCE_P1706_163.mzxml,-144.481,84.8689,112.786,1,Cycle_3,163,20170619,49,490,24,2,0-30,Cycle_3_day1,Cycle_3,Cycle,1.214018671,1_1.5,0.474958225,13.8178,14,0.8153,92.9675692,78.04144072,70_80,0.479,0.18,3.211,0.266,0.5,0.2,3,0.3
CCE_P1706_164.mzxml,-144.481,84.8689,112.786,1,Cycle_3,164,20170619,49,490,24,2,0-30,Cycle_3_day1,Cycle_3,Cycle,1.214018671,1_1.5,0.474958225,13.8178,14,0.8153,92.9675692,78.04144072,70_80,0.479,0.18,3.211,0.266,0.5,0.2,3,0.3
CCE_P1706_165.mzxml,-141.359,81.809,109.445,1,Cycle_3,165,20170620,53,523,6,150,70-150,Cycle_3_day2,Cycle_3,Cycle,NA,NA,NA,8.890225,9,0.04813325,99.57734162,38.62402253,30_40,1.772,0.019,24.402,0,1.8,0,24,0
CCE_P1706_166.mzxml,-141.359,81.809,109.445,1,Cycle_3,166,20170620,53,523,6,150,70-150,Cycle_3_day2,Cycle_3,Cycle,NA,NA,NA,8.890225,9,0.04813325,99.57734162,38.62402253,30_40,1.772,0.019,24.402,0,1.8,0,24,0
CCE_P1706_167.mzxml,-141.359,81.809,110.445,1,Cycle_3,167,20170620,53,523,9,100,70-150,Cycle_3_day2,Cycle_3,Cycle,0.067294382,0_0.1,0.100979609,9.934575,10,0.1076975,99.32795699,43.18791642,40_50,1.557,0.02,20.193,0.194,1.6,0,20,0.2
CCE_P1706_168.mzxml,-141.359,81.809,110.445,1,Cycle_3,168,20170620,53,523,9,100,70-150,Cycle_3_day2,Cycle_3,Cycle,0.067294382,0_0.1,0.100979609,9.934575,10,0.1076975,99.32795699,43.18791642,40_50,1.557,0.02,20.193,0.194,1.6,0,20,0.2
CCE_P1706_169.mzxml,-141.359,81.809,111.444,1,Cycle_3,169,20170620,53,523,12,60,40-60,Cycle_3_day2,Cycle_3,Cycle,1.024044942,1_1.5,0.470599226,13.8247,14,1.6733,95.56073757,76.89340087,70_80,0.632,0.183,4.041,0.478,0.6,0.2,4,0.5
CCE_P1706_170.mzxml,-141.359,81.809,111.444,1,Cycle_3,170,20170620,53,523,12,60,40-60,Cycle_3_day2,Cycle_3,Cycle,1.024044942,1_1.5,0.470599226,13.8247,14,1.6733,95.56073757,76.89340087,70_80,0.632,0.183,4.041,0.478,0.6,0.2,4,0.5
CCE_P1706_171.mzxml,-141.359,81.809,111.884,1,Cycle_3,171,20170620,53,523,16,20,0-30,Cycle_3_day2,Cycle_3,Cycle,0.698022471,0.5_1,0.252577968,14.377875,14,1.0678225,96.84652589,76.38538031,70_80,0.45,0.133,2.316,0.305,0.5,0.1,2,0.3
CCE_P1706_172.mzxml,-141.359,81.809,111.884,1,Cycle_3,172,20170620,53,523,16,20,0-30,Cycle_3_day2,Cycle_3,Cycle,0.698022471,0.5_1,0.252577968,14.377875,14,1.0678225,96.84652589,76.38538031,70_80,0.45,0.133,2.316,0.305,0.5,0.1,2,0.3
CCE_P1706_173.mzxml,-141.359,81.809,112.344,1,Cycle_3,173,20170620,53,523,20,10,0-30,Cycle_3_day2,Cycle_3,Cycle,0.488615729,0.2_0.5,0.184058494,15.166225,15,0.383105,97.8462236,76.47802447,70_80,0.33,0.045,0.677,0.229,0.3,0,1,0.2
CCE_P1706_174.mzxml,-141.359,81.809,112.344,1,Cycle_3,174,20170620,53,523,20,10,0-30,Cycle_3_day2,Cycle_3,Cycle,0.488615729,0.2_0.5,0.184058494,15.166225,15,0.383105,97.8462236,76.47802447,70_80,0.33,0.045,0.677,0.229,0.3,0,1,0.2
CCE_P1706_175.mzxml,-141.359,81.809,112.786,1,Cycle_3,175,20170620,53,523,24,2,0-30,Cycle_3_day2,Cycle_3,Cycle,0.619442695,0.5_1,0.148966355,15.15106667,15,0.29017,97.78972521,76.47188344,70_80,0.301,0.033,0.344,0.63,0.3,0,0,0.6
CCE_P1706_176.mzxml,-141.359,81.809,112.786,1,Cycle_3,176,20170620,53,523,24,2,0-30,Cycle_3_day2,Cycle_3,Cycle,0.619442695,0.5_1,0.148966355,15.15106667,15,0.29017,97.78972521,76.47188344,70_80,0.301,0.033,0.344,0.63,0.3,0,0,0.6
CCE_P1706_177.mzxml,-138.447,79.7206,109.445,1,Cycle_3,177,20170621,55,550,6,152,70-150,Cycle_3_day3,Cycle_3,Cycle,NA,NA,NA,9.028525,9,0.049816,99.46236559,35.88644061,30_40,1.883,0.018,25.524,0,1.9,0,26,0
CCE_P1706_178.mzxml,-138.447,79.7206,109.445,1,Cycle_3,178,20170621,55,550,6,152,70-150,Cycle_3_day3,Cycle_3,Cycle,NA,NA,NA,9.028525,9,0.049816,99.46236559,35.88644061,30_40,1.883,0.018,25.524,0,1.9,0,26,0
CCE_P1706_179.mzxml,-138.447,79.7206,110.445,1,Cycle_3,179,20170621,55,550,8,100,70-150,Cycle_3_day3,Cycle_3,Cycle,0.07105618,0_0.1,0.086674328,10.265275,10,0.143845,99.35278749,55.50690379,50_60,1.198,0.032,15.416,0.236,1.2,0,15,0.2
CCE_P1706_180.mzxml,-138.447,79.7206,110.445,1,Cycle_3,180,20170621,55,550,8,100,70-150,Cycle_3_day3,Cycle_3,Cycle,0.07105618,0_0.1,0.086674328,10.265275,10,0.143845,99.35278749,55.50690379,50_60,1.198,0.032,15.416,0.236,1.2,0,15,0.2
CCE_P1706_181.mzxml,-138.447,79.7206,111.444,1,Cycle_3,181,20170621,55,550,12,60,40-60,Cycle_3_day3,Cycle_3,Cycle,0.341069662,0.2_0.5,0.134652296,13.2478,13,0.471345,98.39951203,74.25777621,70_80,0.469,0.466,1.979,0.158,0.5,0.5,2,0.2
CCE_P1706_182.mzxml,-138.447,79.7206,111.444,1,Cycle_3,182,20170621,55,550,12,60,40-60,Cycle_3_day3,Cycle_3,Cycle,0.341069662,0.2_0.5,0.134652296,13.2478,13,0.471345,98.39951203,74.25777621,70_80,0.469,0.466,1.979,0.158,0.5,0.5,2,0.2
CCE_P1706_183.mzxml,-138.447,79.7206,111.884,1,Cycle_3,183,20170621,55,550,16,21,0-30,Cycle_3_day3,Cycle_3,Cycle,0.364476404,0.2_0.5,0.088471631,15.11995,15,0.7102025,97.61681133,76.59339838,70_80,0.296,0.023,0.007,0.062,0.3,0,0,0.1
CCE_P1706_184.mzxml,-138.447,79.7206,111.884,1,Cycle_3,184,20170621,55,550,16,21,0-30,Cycle_3_day3,Cycle_3,Cycle,0.364476404,0.2_0.5,0.088471631,15.11995,15,0.7102025,97.61681133,76.59339838,70_80,0.296,0.023,0.007,0.062,0.3,0,0,0.1
CCE_P1706_185.mzxml,-138.447,79.7206,112.344,1,Cycle_3,185,20170621,55,550,20,11,0-30,Cycle_3_day3,Cycle_3,Cycle,0.355280898,0.2_0.5,0.096823658,15.298075,15,0.4445625,97.53098415,76.53710003,70_80,0.3,0.021,0.027,0.053,0.3,0,0,0.1
CCE_P1706_186.mzxml,-138.447,79.7206,112.344,1,Cycle_3,186,20170621,55,550,20,11,0-30,Cycle_3_day3,Cycle_3,Cycle,0.355280898,0.2_0.5,0.096823658,15.298075,15,0.4445625,97.53098415,76.53710003,70_80,0.3,0.021,0.027,0.053,0.3,0,0,0.1
CCE_P1706_187.mzxml,-138.447,79.7206,112.786,1,Cycle_3,187,20170621,55,550,24,2,0-30,Cycle_3_day3,Cycle_3,Cycle,0.351101123,0.2_0.5,0.104377348,15.2974,15,0.27997,97.57956557,76.67677661,70_80,0.277,0.025,0.047,0.253,0.3,0,0,0.3
CCE_P1706_188.mzxml,-138.447,79.7206,112.786,1,Cycle_3,188,20170621,55,550,24,2,0-30,Cycle_3_day3,Cycle_3,Cycle,0.351101123,0.2_0.5,0.104377348,15.2974,15,0.27997,97.57956557,76.67677661,70_80,0.277,0.025,0.047,0.253,0.3,0,0,0.3
CCE_P1706_189.mzxml,-137.49,74.7219,109.445,1,Outside,189,20170622,58,NA,4,120,70-150,Transect_3,Transect_3,Transect,0.068966292,0_0.1,0.061351159,11.077625,11,0.235295,99.41540355,62.70758659,60_70,0.938,0.015,11.741,0.03,0.9,0,12,0
CCE_P1706_190.mzxml,-137.49,74.7219,110.445,1,Outside,190,20170622,58,NA,6,100,70-150,Transect_3,Transect_3,Transect,0.133752809,0.1_0.2,0.113386436,12.190375,12,0.366015,99.0407868,70.94358288,70_80,0.622,0.044,6.403,0.012,0.6,0,6,0
CCE_P1706_191.mzxml,-137.49,74.7219,111.444,1,Outside,191,20170622,58,NA,12,50,40-60,Transect_3,Transect_3,Transect,0.26875955,0.2_0.5,0.069053649,14.9479,15,0.3667025,97.95958026,75.79586892,70_80,0.211,0.008,0,0,0.2,0,0,0
CCE_P1706_192.mzxml,-137.49,74.7219,111.884,1,Outside,192,20170622,58,NA,14,35,0-30,Transect_3,Transect_3,Transect,0.198957303,0.1_0.2,0.038481937,16.065825,16,0.1955525,98.09128989,75.89692597,70_80,0.251,0.01,0,0.033,0.3,0,0,0
CCE_P1706_193.mzxml,-137.49,74.7219,112.344,1,Outside,193,20170622,58,NA,16,20,0-30,Transect_3,Transect_3,Transect,0.170116854,0.1_0.2,0.033161501,16.07435,16,0.1400125,98.10424494,75.8052298,70_80,0.242,0.009,0,0,0.2,0,0,0
CCE_P1706_194.mzxml,-137.49,74.7219,112.786,1,Outside,194,20170622,58,NA,18,2,0-30,Transect_3,Transect_3,Transect,0.127065168,0.1_0.2,0.023495771,16.2057,16,0.083151,98.27266053,76.01180036,70_80,0.255,0.013,0,0.235,0.3,0,0,0.2
CCE_P1706_195.mzxml,-133.283,80.9693,109.445,1,Middle,195,20170623,63,595,4,120,70-150,Transect_3,Transect_3,Transect,0.060188764,0_0.1,0.070972166,10.115925,10,0.1427425,99.33929265,53.36863659,50_60,1.165,0.025,15.218,0,1.2,0,15,0
CCE_P1706_196.mzxml,-133.283,80.9693,110.445,1,Middle,196,20170623,63,595,6,100,70-150,Transect_3,Transect_3,Transect,0.145038202,0.1_0.2,0.187714125,11.06985,11,0.2758225,99.07695297,58.89951057,50_60,0.889,0.058,10.467,0,0.9,0.1,10,0
CCE_P1706_197.mzxml,-133.283,80.9693,111.444,1,Middle,197,20170623,63,595,12,40,40-60,Transect_3,Transect_3,Transect,0.422157303,0.2_0.5,0.18261689,13.511825,14,0.6327025,97.8969642,74.14138476,70_80,0.457,0.286,1.956,0.354,0.5,0.3,2,0.4
CCE_P1706_198.mzxml,-133.283,80.9693,111.884,1,Middle,198,20170623,63,595,14,30,0-30,Transect_3,Transect_3,Transect,0.362804494,0.2_0.5,0.179552278,14.67945,15,0.6125925,97.76795353,76.34274978,70_80,0.408,0.132,1.725,0.472,0.4,0.1,2,0.5
CCE_P1706_199.mzxml,-133.283,80.9693,112.344,1,Middle,199,20170623,63,595,16,15,0-30,Transect_3,Transect_3,Transect,0.238247191,0.2_0.5,0.078479043,15.33475,15,0.4647625,97.76525457,76.38260462,70_80,0.31,0.048,0.499,0.12,0.3,0,0,0.1
CCE_P1706_200.mzxml,-133.283,80.9693,112.786,1,Middle,200,20170623,63,595,18,2,0-30,Transect_3,Transect_3,Transect,0.14712809,0.1_0.2,0.032111124,15.8347,16,0.256333333,98.216522,76.4244124,70_80,0.239,0.01,0,0.04,0.2,0,0,0
CCE_P1706_201.mzxml,-131.132,83.9113,109.445,1,Outside,201,20170623,68,622,4,100,70-150,Transect_3,Transect_3,Transect,0.022988764,0_0.1,0.146128705,9.071875,9,0.05703025,99.37275986,41.4670431,40_50,1.766,0.031,23.557,0,1.8,0,24,0
CCE_P1706_202.mzxml,-131.132,83.9113,110.445,1,Outside,202,20170623,68,622,6,75,70-150,Transect_3,Transect_3,Transect,0.041797753,0_0.1,0.185941483,9.56435,10,0.0769595,99.26102258,41.44827257,40_50,1.658,0.036,21.863,0,1.7,0,22,0
CCE_P1706_203.mzxml,-131.132,83.9113,111.444,1,Outside,203,20170623,68,622,12,35,40-60,Transect_3,Transect_3,Transect,0.252040449,0.2_0.5,0.482207716,12.548975,13,0.3251375,97.27836075,70.62352656,70_80,1.039,0.303,8.183,2.796,1,0.3,8,2.8
CCE_P1706_204.mzxml,-131.132,83.9113,111.884,1,Outside,204,20170623,68,622,14,25,0-30,Transect_3,Transect_3,Transect,0.295510112,0.2_0.5,0.344268444,13.0869,13,0.44389,97.06946064,74.30692961,70_80,0.875,0.266,6.359,2.219,0.9,0.3,6,2.2
CCE_P1706_205.mzxml,-131.132,83.9113,112.344,1,Outside,205,20170623,68,622,16,15,0-30,Transect_3,Transect_3,Transect,0.295092134,0.2_0.5,0.19581244,13.70375,14,0.39308,97.39819493,77.10870339,70_80,0.725,0.248,5.366,1.366,0.7,0.2,5,1.4
CCE_P1706_206.mzxml,-131.132,83.9113,112.786,1,Outside,206,20170623,68,622,18,0,0-30,Transect_3,Transect_3,Transect,0.205226966,0.2_0.5,0.077338382,14.00116667,14,0.413496667,97.68968347,77.60461306,70_80,0.618,0.223,4.134,1.129,0.6,0.2,4,1.1
CCE_P1706_207.mzxml,-141.43,86.9585,109.445,1,Cycle_4,207,20170624,70,649,8,90,70-150,Cycle_4_day1,Cycle_4,Cycle,NA,NA,NA,9.314725,9,0.06656075,98.94902189,30.05948527,30_40,2.013,0.057,26.197,0.009,2,0.1,26,0
CCE_P1706_208.mzxml,-141.43,86.9585,109.445,1,Cycle_4,208,20170624,70,649,8,90,70-150,Cycle_4_day1,Cycle_4,Cycle,NA,NA,NA,9.314725,9,0.06656075,98.94902189,30.05948527,30_40,2.013,0.057,26.197,0.009,2,0.1,26,0
CCE_P1706_209.mzxml,-141.43,86.9585,110.445,1,Cycle_4,209,20170624,70,649,10,70,70-150,Cycle_4_day1,Cycle_4,Cycle,0.07941573,0_0.1,0.236045285,9.7504,10,0.08127275,99.00084208,37.58737965,30_40,1.83,0.081,23.603,0,1.8,0.1,24,0
CCE_P1706_210.mzxml,-141.43,86.9585,110.445,1,Cycle_4,210,20170624,70,649,10,70,70-150,Cycle_4_day1,Cycle_4,Cycle,0.07941573,0_0.1,0.236045285,9.7504,10,0.08127275,99.00084208,37.58737965,30_40,1.83,0.081,23.603,0,1.8,0.1,24,0
CCE_P1706_211.mzxml,-141.43,86.9585,111.444,1,Cycle_4,211,20170624,70,649,12,50,40-60,Cycle_4_day1,Cycle_4,Cycle,0.214840449,0.2_0.5,0.451507684,10.990875,11,0.32618,98.3088267,50.75910954,50_60,1.545,0.611,16.068,2.356,1.5,0.6,16,2.4
CCE_P1706_212.mzxml,-141.43,86.9585,111.444,1,Cycle_4,212,20170624,70,649,12,50,40-60,Cycle_4_day1,Cycle_4,Cycle,0.214840449,0.2_0.5,0.451507684,10.990875,11,0.32618,98.3088267,50.75910954,50_60,1.545,0.611,16.068,2.356,1.5,0.6,16,2.4
CCE_P1706_213.mzxml,-141.43,86.9585,111.884,1,Cycle_4,213,20170624,70,649,16,30,0-30,Cycle_4_day1,Cycle_4,Cycle,0.484853932,0.2_0.5,0.680833563,13.283625,13,0.68259,97.26864447,72.71921189,70_80,0.882,0.313,6.16,3.075,0.9,0.3,6,3.1
CCE_P1706_214.mzxml,-141.43,86.9585,111.884,1,Cycle_4,214,20170624,70,649,16,30,0-30,Cycle_4_day1,Cycle_4,Cycle,0.484853932,0.2_0.5,0.680833563,13.283625,13,0.68259,97.26864447,72.71921189,70_80,0.882,0.313,6.16,3.075,0.9,0.3,6,3.1
CCE_P1706_215.mzxml,-141.43,86.9585,112.344,1,Cycle_4,215,20170624,70,649,20,20,0-30,Cycle_4_day1,Cycle_4,Cycle,0.491541572,0.2_0.5,0.308919667,14.010675,14,0.502365,96.74180593,77.92180222,70_80,0.64,0.252,3.552,2.117,0.6,0.3,4,2.1
CCE_P1706_216.mzxml,-141.43,86.9585,112.344,1,Cycle_4,216,20170624,70,649,20,20,0-30,Cycle_4_day1,Cycle_4,Cycle,0.491541572,0.2_0.5,0.308919667,14.010675,14,0.502365,96.74180593,77.92180222,70_80,0.64,0.252,3.552,2.117,0.6,0.3,4,2.1
CCE_P1706_217.mzxml,-141.43,86.9585,112.786,1,Cycle_4,217,20170624,70,649,24,0,0-30,Cycle_4_day1,Cycle_4,Cycle,0.323514606,0.2_0.5,0.115094292,NA,NA,NA,NA,NA,NA,0.592,0.226,3.197,1.986,0.6,0.2,3,2
CCE_P1706_218.mzxml,-141.43,86.9585,112.786,1,Cycle_4,218,20170624,70,649,24,0,0-30,Cycle_4_day1,Cycle_4,Cycle,0.323514606,0.2_0.5,0.115094292,NA,NA,NA,NA,NA,NA,0.592,0.226,3.197,1.986,0.6,0.2,3,2
CCE_P1706_219.mzxml,-139.636,88.6513,109.445,1,Cycle_4,219,20170625,74,688,8,90,70-150,Cycle_4_day2,Cycle_4,Cycle,NA,NA,NA,9.49955,9,0.06456625,99.08397029,30.33643641,30_40,2.041,0.036,26.135,0.035,2,0,26,0
CCE_P1706_220.mzxml,-139.636,88.6513,109.445,1,Cycle_4,220,20170625,74,688,8,90,70-150,Cycle_4_day2,Cycle_4,Cycle,NA,NA,NA,9.49955,9,0.06456625,99.08397029,30.33643641,30_40,2.041,0.036,26.135,0.035,2,0,26,0
CCE_P1706_221.mzxml,-139.636,88.6513,110.445,1,Cycle_4,221,20170625,74,688,10,70,70-150,Cycle_4_day2,Cycle_4,Cycle,0.078997753,0_0.1,0.099397982,9.86765,10,0.08487825,99.0575204,38.56018081,30_40,1.817,0.062,23.55,0.102,1.8,0.1,24,0.1
CCE_P1706_222.mzxml,-139.636,88.6513,110.445,1,Cycle_4,222,20170625,74,688,10,70,70-150,Cycle_4_day2,Cycle_4,Cycle,0.078997753,0_0.1,0.099397982,9.86765,10,0.08487825,99.0575204,38.56018081,30_40,1.817,0.062,23.55,0.102,1.8,0.1,24,0.1
CCE_P1706_223.mzxml,-139.636,88.6513,111.444,1,Cycle_4,223,20170625,74,688,12,50,40-60,Cycle_4_day2,Cycle_4,Cycle,0.162593258,0.1_0.2,0.370906988,10.70245,11,0.1964675,98.71906983,46.50750615,40_50,1.654,0.752,19.865,0.379,1.7,0.8,20,0.4
CCE_P1706_224.mzxml,-139.636,88.6513,111.444,1,Cycle_4,224,20170625,74,688,12,50,40-60,Cycle_4_day2,Cycle_4,Cycle,0.162593258,0.1_0.2,0.370906988,10.70245,11,0.1964675,98.71906983,46.50750615,40_50,1.654,0.752,19.865,0.379,1.7,0.8,20,0.4
CCE_P1706_225.mzxml,-139.636,88.6513,111.884,1,Cycle_4,225,20170625,74,688,16,30,0-30,Cycle_4_day2,Cycle_4,Cycle,0.320588763,0.2_0.5,0.136154926,13.794775,14,0.4389375,97.50237509,75.48849982,70_80,0.659,0.243,3.444,2.373,0.7,0.2,3,2.4
CCE_P1706_226.mzxml,-139.636,88.6513,111.884,1,Cycle_4,226,20170625,74,688,16,30,0-30,Cycle_4_day2,Cycle_4,Cycle,0.320588763,0.2_0.5,0.136154926,13.794775,14,0.4389375,97.50237509,75.48849982,70_80,0.659,0.243,3.444,2.373,0.7,0.2,3,2.4
CCE_P1706_227.mzxml,-139.636,88.6513,112.344,1,Cycle_4,227,20170625,74,688,20,20,0-30,Cycle_4_day2,Cycle_4,Cycle,0.186835955,0.1_0.2,0.045964153,14.1774,14,0.268905,97.77227188,77.63222648,70_80,0.581,0.213,2.622,1.99,0.6,0.2,3,2
CCE_P1706_228.mzxml,-139.636,88.6513,112.344,1,Cycle_4,228,20170625,74,688,20,20,0-30,Cycle_4_day2,Cycle_4,Cycle,0.186835955,0.1_0.2,0.045964153,14.1774,14,0.268905,97.77227188,77.63222648,70_80,0.581,0.213,2.622,1.99,0.6,0.2,3,2
CCE_P1706_229.mzxml,-139.636,88.6513,112.786,1,Cycle_4,229,20170625,74,688,24,0,0-30,Cycle_4_day2,Cycle_4,Cycle,0.169280899,0.1_0.2,0.035262674,14.690875,15,0.1330725,98.23271581,79.43211771,70_80,0.573,0.188,2.668,1.901,0.6,0.2,3,1.9
CCE_P1706_230.mzxml,-139.636,88.6513,112.786,1,Cycle_4,230,20170625,74,688,24,0,0-30,Cycle_4_day2,Cycle_4,Cycle,0.192269663,0.1_0.2,0.025769568,15.6851,16,0.085106333,98.42596191,79.32349114,70_80,0.565,0.185,2.626,1.899,0.6,0.2,3,1.9
